{"sigma": 4.333333333333333, "percentile": 95, "threshold": 0.21999999999999995, "closing_count": 6, "opening_count": 6, "image_dpi": 500}