{"sigma": 6.333333333333333, "percentile": 95, "threshold": 0.12999999999999998, "closing_count": 2, "opening_count": 6, "image_dpi": 500}