{"sigma": 6.333333333333333, "percentile": 95, "threshold": 0.06999999999999999, "closing_count": 2, "opening_count": 6, "image_dpi": 500}