{"sigma": 3.6666666666666665, "percentile": 95, "threshold": 0.15999999999999998, "closing_count": 6, "opening_count": 9, "image_dpi": 500}