{"sigma": 2.3333333333333335, "percentile": 95, "threshold": 0.17999999999999997, "closing_count": 3, "opening_count": 12, "image_dpi": 500}