{"sigma": 7.666666666666667, "percentile": 95, "threshold": 0.17999999999999997, "closing_count": 2, "opening_count": 12, "image_dpi": 500}