{"sigma": 8.333333333333334, "percentile": 95, "threshold": 0.07999999999999999, "closing_count": 2, "opening_count": 12, "image_dpi": 500}