{"sigma": 3.6666666666666665, "percentile": 95, "threshold": 0.12999999999999998, "closing_count": 8, "opening_count": 12, "image_dpi": 569}